{"dual_bound": 3423666606.3837385, "primal_bound": 3423668510.9274154}