{"dual_bound": 877429951.7561319, "primal_bound": 877447253.1022599}