{"dual_bound": 54327063.78962752, "primal_bound": 54327063.78962752}