{"dual_bound": 353113310.5599518, "primal_bound": 353135860.35427046}