{"dual_bound": 33322732.675116614, "primal_bound": 33322732.67511665}