{"dual_bound": 353868607.4066243, "primal_bound": 353887607.0871723}