{"dual_bound": 3406850761.082693, "primal_bound": 3407040113.243526}