{"dual_bound": 52722876.30832608, "primal_bound": 52722876.308326125}