{"dual_bound": 764682.9233122215, "primal_bound": 764682.9233122215}