{"dual_bound": 190894992.081515, "primal_bound": 190899467.38540047}