{"dual_bound": 653379603.318152, "primal_bound": 653406599.644753}