{"dual_bound": 33423916.331646834, "primal_bound": 33423916.331646834}