{"dual_bound": 194322517.52551883, "primal_bound": 194340206.70405814}