{"dual_bound": 33257426.31077873, "primal_bound": 33257426.31077878}