{"dual_bound": 444006484.9832778, "primal_bound": 444041205.7783252}