{"dual_bound": 198915334.46423972, "primal_bound": 198934149.27583188}