{"dual_bound": 40330213990.718796, "primal_bound": 40330282854.37966}