{"dual_bound": 357739078.93652415, "primal_bound": 357739331.0934776}