{"dual_bound": 660010335.800961, "primal_bound": 660035587.9784687}