{"dual_bound": 443945436.87183625, "primal_bound": 443979318.6643364}