{"dual_bound": 3394337807.941792, "primal_bound": 3394337844.5712786}