{"dual_bound": 195509929.2484505, "primal_bound": 195518667.36455628}