{"dual_bound": 40860771803.329605, "primal_bound": 40860853094.27901}