{"dual_bound": 792754.98591456, "primal_bound": 792754.9859145603}