{"dual_bound": 658527773.8087697, "primal_bound": 658527796.4613963}