{"dual_bound": 3395577590.832978, "primal_bound": 3395596886.2433386}