{"dual_bound": 3429276483.0625925, "primal_bound": 3429276640.4538975}