{"dual_bound": 32661691.992693923, "primal_bound": 32661691.992693923}