{"dual_bound": 3398897797.27485, "primal_bound": 3398922107.2383885}