{"dual_bound": 42909480.90978882, "primal_bound": 42913532.60410632}