{"dual_bound": 3438276716.4351006, "primal_bound": 3438276855.8082557}