{"dual_bound": 32526712.63509796, "primal_bound": 32526712.635098033}