{"dual_bound": 81401442.26994745, "primal_bound": 81405670.68098927}