{"dual_bound": 43482908.88172102, "primal_bound": 43487014.76538773}