{"dual_bound": 32832278.988356397, "primal_bound": 32832278.988356397}