{"dual_bound": 196512421.19873908, "primal_bound": 196512421.1987393}