{"dual_bound": 358498172.38882303, "primal_bound": 358498180.2434722}