{"dual_bound": 445260559.35454154, "primal_bound": 445297836.6997147}