{"dual_bound": 3403974037.8097014, "primal_bound": 3404101692.3354077}