{"dual_bound": 191208529.0442471, "primal_bound": 191216907.21997237}