{"dual_bound": 895608900.1023297, "primal_bound": 895632111.6953485}