{"dual_bound": 3405020257.654445, "primal_bound": 3405048872.792967}