{"dual_bound": 41425863518.43637, "primal_bound": 41426092501.51254}