{"dual_bound": 889904361.1854287, "primal_bound": 889908058.8046868}