{"dual_bound": 84694529.55213949, "primal_bound": 84694529.55213949}