{"dual_bound": 357735355.95064664, "primal_bound": 357751316.07095623}