{"dual_bound": 660112313.6939272, "primal_bound": 660118813.0192326}