{"dual_bound": 43086757.89860853, "primal_bound": 43086757.89860854}