{"dual_bound": 41273491978.92895, "primal_bound": 41273525847.90054}