{"dual_bound": 357271054.87470835, "primal_bound": 357271068.0828283}