{"dual_bound": 53589064.366721325, "primal_bound": 53589064.366721444}