{"dual_bound": 33600010.649619095, "primal_bound": 33600010.649619095}