{"dual_bound": 3434052460.6491237, "primal_bound": 3434066101.9656305}