{"dual_bound": 42667492.17576348, "primal_bound": 42667492.1757635}