{"dual_bound": 3418172450.815271, "primal_bound": 3418222790.441847}