{"dual_bound": 652202961.704263, "primal_bound": 652218994.2426684}