{"dual_bound": 650106202.4235711, "primal_bound": 650137536.8295853}