{"dual_bound": 40810916286.98608, "primal_bound": 40810998809.68833}