{"dual_bound": 35626058.62613605, "primal_bound": 35626106.94522454}