{"dual_bound": 759939.6589914025, "primal_bound": 759939.658991403}