{"dual_bound": 3398323517.551265, "primal_bound": 3398356095.4953732}