{"dual_bound": 442920990.04751503, "primal_bound": 442960026.73673004}