{"dual_bound": 194990500.00928172, "primal_bound": 194990704.49791864}