{"dual_bound": 355355838.0327617, "primal_bound": 355356007.40887165}