{"dual_bound": 762173.7100137656, "primal_bound": 762173.7100137656}