{"dual_bound": 355547252.302835, "primal_bound": 355567169.8072014}