{"dual_bound": 33397593.34620074, "primal_bound": 33397593.34620074}