{"dual_bound": 41507790389.62387, "primal_bound": 41507859618.468636}