{"dual_bound": 356713172.1094734, "primal_bound": 356725320.1881883}