{"dual_bound": 362161997.8638766, "primal_bound": 362174744.7204071}