{"dual_bound": 653301353.6856954, "primal_bound": 653322390.737245}