{"dual_bound": 440480605.86291283, "primal_bound": 440514907.62241685}