{"dual_bound": 442942457.197487, "primal_bound": 442976360.68958294}