{"dual_bound": 3408049271.821533, "primal_bound": 3408208648.709863}