{"dual_bound": 53394170.010102704, "primal_bound": 53394170.010102704}