{"dual_bound": 903814684.3516632, "primal_bound": 903839691.2811551}