{"dual_bound": 359152119.3291426, "primal_bound": 359152187.5133931}