{"dual_bound": 3410047321.6414137, "primal_bound": 3410188928.072603}