{"dual_bound": 41234591559.55847, "primal_bound": 41234669677.17309}