{"dual_bound": 650133521.9010408, "primal_bound": 650146399.0321869}