{"dual_bound": 440528632.6663655, "primal_bound": 440570262.443081}