{"dual_bound": 3389463170.608049, "primal_bound": 3389485537.021532}