{"dual_bound": 3462869646.9853907, "primal_bound": 3462978158.341571}