{"dual_bound": 776762.5781478205, "primal_bound": 776762.5781478205}