{"dual_bound": 439592623.1343909, "primal_bound": 439605105.33226603}