{"dual_bound": 768572.0237128243, "primal_bound": 768572.0237128243}