{"dual_bound": 355940184.6971213, "primal_bound": 355953733.2668375}