{"dual_bound": 356755313.18123496, "primal_bound": 356771136.423642}