{"dual_bound": 911516040.2852958, "primal_bound": 911519027.7992485}