{"dual_bound": 654146775.704287, "primal_bound": 654158115.0800501}