{"dual_bound": 196157356.24074736, "primal_bound": 196158706.29759255}