{"dual_bound": 53727465.38347292, "primal_bound": 53727465.38347298}