{"dual_bound": 193744960.2010934, "primal_bound": 193756775.56633162}