{"dual_bound": 32578155.511713345, "primal_bound": 32578155.51171344}