{"dual_bound": 200903659.53964895, "primal_bound": 200912317.47761974}