{"dual_bound": 357335742.5231192, "primal_bound": 357335758.4658845}