{"dual_bound": 41953668431.76556, "primal_bound": 41953758480.673416}