{"dual_bound": 656413273.5104566, "primal_bound": 656438502.3684709}