{"dual_bound": 358361300.50553983, "primal_bound": 358381379.6952168}