{"dual_bound": 439871492.28188705, "primal_bound": 439905081.64803183}