{"dual_bound": 195748654.17571408, "primal_bound": 195758262.33195692}