{"dual_bound": 655035300.6850659, "primal_bound": 655048244.6548113}