{"dual_bound": 653450915.2473443, "primal_bound": 653476245.7710813}