{"dual_bound": 34279853.3617908, "primal_bound": 34280711.32074411}