{"dual_bound": 33348250.35943215, "primal_bound": 33348250.35943215}