{"dual_bound": 43633720.74368206, "primal_bound": 43633720.74368211}