{"dual_bound": 191428694.4003471, "primal_bound": 191434339.87141317}