{"dual_bound": 433116266.58459365, "primal_bound": 433156175.9720579}