{"dual_bound": 661602092.7665011, "primal_bound": 661623318.1040076}