{"dual_bound": 33097540.53381135, "primal_bound": 33097540.533811357}