{"dual_bound": 355547613.92937815, "primal_bound": 355558165.3822866}