{"dual_bound": 3461197309.4218264, "primal_bound": 3461197377.0476775}