{"dual_bound": 766670.7598741686, "primal_bound": 766670.7598741688}