{"dual_bound": 40772471067.678154, "primal_bound": 40772562231.075424}