{"dual_bound": 880316357.2200165, "primal_bound": 880334334.7700402}