{"dual_bound": 3418322781.002844, "primal_bound": 3418351036.5522594}