{"dual_bound": 436062559.33191544, "primal_bound": 436080244.0713504}