{"dual_bound": 193407889.8354113, "primal_bound": 193407889.83541256}