{"dual_bound": 3413157640.835634, "primal_bound": 3413180160.5518694}