{"dual_bound": 656921383.1307232, "primal_bound": 656948455.3003141}