{"dual_bound": 653126946.4111531, "primal_bound": 653143683.7112815}