{"dual_bound": 443889285.5788237, "primal_bound": 443930637.75175846}