{"dual_bound": 197077616.77296194, "primal_bound": 197077710.19802165}