{"dual_bound": 771044.8664194164, "primal_bound": 771044.866419419}