{"dual_bound": 657121316.7066829, "primal_bound": 657141694.8344558}