{"dual_bound": 761713.9818147452, "primal_bound": 761713.9818147458}