{"dual_bound": 356906959.5194807, "primal_bound": 356906999.07600874}