{"dual_bound": 769447.4304553021, "primal_bound": 769447.4304553021}