{"dual_bound": 194247832.24241698, "primal_bound": 194255616.5895306}