{"dual_bound": 193197322.26504153, "primal_bound": 193204906.99848524}