{"dual_bound": 653948693.7974274, "primal_bound": 653967095.4453005}