{"dual_bound": 356853089.02042806, "primal_bound": 356871894.5156747}