{"dual_bound": 3396879946.647185, "primal_bound": 3396900988.947148}