{"dual_bound": 906883630.7278335, "primal_bound": 906907492.3997898}