{"dual_bound": 42605342.552682936, "primal_bound": 42605342.552682936}