{"dual_bound": 356878543.9165001, "primal_bound": 356878560.0667705}