{"dual_bound": 33202889.000088982, "primal_bound": 33202889.000088982}