{"dual_bound": 361841104.6865135, "primal_bound": 361855561.25218743}