{"dual_bound": 39680397410.382225, "primal_bound": 39680715944.166855}