{"dual_bound": 43806117.7422896, "primal_bound": 43810158.38143121}