{"dual_bound": 767787.711082761, "primal_bound": 767787.7110827622}