{"dual_bound": 43686767.670573935, "primal_bound": 43686767.670573995}