{"dual_bound": 40415407699.290695, "primal_bound": 40415451042.84185}