{"dual_bound": 43214907.98756265, "primal_bound": 43215841.79237}