{"dual_bound": 40043067484.71759, "primal_bound": 40043167262.55528}