{"dual_bound": 652485681.8196931, "primal_bound": 652503272.9270092}