{"dual_bound": 3397688481.794585, "primal_bound": 3397815738.575864}