{"dual_bound": 657878415.6227171, "primal_bound": 657893614.6002216}