{"dual_bound": 41885562419.83446, "primal_bound": 41885726212.35092}