{"dual_bound": 652333457.1695654, "primal_bound": 652349391.1775628}