{"dual_bound": 359504849.49775577, "primal_bound": 359504880.2289979}