{"dual_bound": 773983.0141754143, "primal_bound": 773983.0141754146}