{"dual_bound": 440526473.29787993, "primal_bound": 440568071.3699442}