{"dual_bound": 899561402.2183603, "primal_bound": 899588648.4621526}