{"dual_bound": 358462661.7576005, "primal_bound": 358493538.76029354}