{"dual_bound": 438045283.1860783, "primal_bound": 438079687.99638253}