{"dual_bound": 667591269.9518898, "primal_bound": 667602599.6296636}