{"dual_bound": 899244741.4517055, "primal_bound": 899257084.3591464}