{"dual_bound": 658272504.0365641, "primal_bound": 658331194.2273229}