{"dual_bound": 53222043.10565819, "primal_bound": 53222043.10565822}