{"dual_bound": 772307.0687561067, "primal_bound": 772307.0687561067}