{"dual_bound": 83808479.1347882, "primal_bound": 83808479.1347882}