{"dual_bound": 43311174.147912085, "primal_bound": 43315287.20093378}