{"dual_bound": 3406619316.5659685, "primal_bound": 3406643948.347452}