{"dual_bound": 3409324565.0808134, "primal_bound": 3409464924.155727}