{"dual_bound": 654598114.6827419, "primal_bound": 654614625.8627558}