{"dual_bound": 32825946.7030016, "primal_bound": 32825946.7030016}