{"dual_bound": 82011744.77251387, "primal_bound": 82012218.21088919}