{"dual_bound": 42891162.64832194, "primal_bound": 42891162.64832196}