{"dual_bound": 659731421.2234082, "primal_bound": 659760406.2381647}