{"dual_bound": 356524587.3399594, "primal_bound": 356524652.5836245}