{"dual_bound": 892861628.4637625, "primal_bound": 892911235.8913949}