{"dual_bound": 33474129.41392545, "primal_bound": 33474129.413925473}