{"dual_bound": 192678602.72442025, "primal_bound": 192692772.56475705}