{"dual_bound": 881465664.6991864, "primal_bound": 881488252.5344204}