{"dual_bound": 654362285.1304063, "primal_bound": 654387389.7016519}