{"dual_bound": 194618795.92485437, "primal_bound": 194622032.7822985}