{"dual_bound": 435940131.2371515, "primal_bound": 435981604.2894254}