{"dual_bound": 43739152.91666055, "primal_bound": 43739152.91666056}