{"dual_bound": 357001937.51888436, "primal_bound": 357013488.5632356}