{"dual_bound": 361248033.7414681, "primal_bound": 361248145.1065682}