{"dual_bound": 435998923.6300161, "primal_bound": 436039676.8631817}