{"dual_bound": 34730353.5736444, "primal_bound": 34730353.5736444}