{"dual_bound": 655855491.0048048, "primal_bound": 655875053.9634047}