{"dual_bound": 195612889.85211805, "primal_bound": 195625808.72414783}