{"dual_bound": 192644483.77890378, "primal_bound": 192658026.8704372}