{"dual_bound": 3429039433.446108, "primal_bound": 3429039502.12919}