{"dual_bound": 356036615.3437623, "primal_bound": 356036652.37737185}