{"dual_bound": 53022624.040883735, "primal_bound": 53022624.040883735}