{"dual_bound": 878278896.4786317, "primal_bound": 878296126.3375933}