{"dual_bound": 650960226.1165146, "primal_bound": 650973290.863206}