{"dual_bound": 53320757.20468526, "primal_bound": 53320757.20468526}