{"dual_bound": 654786367.80889, "primal_bound": 654796129.2183737}