{"dual_bound": 356300828.6027361, "primal_bound": 356300842.5951979}