{"dual_bound": 190250107.25879985, "primal_bound": 190250119.56419122}