{"dual_bound": 887290731.8395878, "primal_bound": 887307967.5801853}