{"dual_bound": 354027312.5006834, "primal_bound": 354036906.3303112}