{"dual_bound": 3412570848.797008, "primal_bound": 3412697441.894875}