{"dual_bound": 43484299.68807243, "primal_bound": 43488469.804366864}