{"dual_bound": 891385151.9343964, "primal_bound": 891389329.4037023}