{"dual_bound": 43113083.18116457, "primal_bound": 43113083.18116457}