{"dual_bound": 39334459573.88257, "primal_bound": 39334544352.16884}