{"dual_bound": 440146604.27335936, "primal_bound": 440180810.03504455}