{"dual_bound": 41015543290.80219, "primal_bound": 41015603439.551216}