{"dual_bound": 3394569130.6210375, "primal_bound": 3394569219.7238274}