{"dual_bound": 757971.9961680956, "primal_bound": 757971.9961680956}