{"dual_bound": 3406296424.8381243, "primal_bound": 3406361060.0013714}