{"dual_bound": 657223834.5213186, "primal_bound": 657247581.4388397}