{"dual_bound": 3407251242.7322154, "primal_bound": 3407253509.007448}