{"dual_bound": 3419591887.773965, "primal_bound": 3419612461.5771284}