{"dual_bound": 775874.3457427758, "primal_bound": 775874.3457427783}