{"dual_bound": 195968280.07060817, "primal_bound": 195979430.21515653}