{"dual_bound": 780694.6404061837, "primal_bound": 780694.6404061837}