{"dual_bound": 358916459.96703017, "primal_bound": 358935168.08589303}