{"dual_bound": 356826896.8786309, "primal_bound": 356839688.3073011}