{"dual_bound": 357851997.84712195, "primal_bound": 357852406.0838007}