{"dual_bound": 43608403.84409389, "primal_bound": 43608403.84409389}