{"dual_bound": 3403107120.1659503, "primal_bound": 3403107199.652347}