{"dual_bound": 51438421.49256772, "primal_bound": 51438421.49256773}