{"dual_bound": 192190755.47877735, "primal_bound": 192194536.9462038}