{"dual_bound": 354554602.76664525, "primal_bound": 354579262.0065648}