{"dual_bound": 886393407.569012, "primal_bound": 886418041.781827}