{"dual_bound": 33197419.08162941, "primal_bound": 33197419.081629414}