{"dual_bound": 197251734.22306657, "primal_bound": 197260623.1121118}