{"dual_bound": 658146945.0773989, "primal_bound": 658164543.5944855}