{"dual_bound": 660688542.8889551, "primal_bound": 660707418.2736815}