{"dual_bound": 152027903.69002974, "primal_bound": 152032763.01171482}