{"dual_bound": 193517027.18170515, "primal_bound": 193531056.91382375}