{"dual_bound": 3397160718.227893, "primal_bound": 3397227295.1460214}