{"dual_bound": 35370479.17907494, "primal_bound": 35371730.67693368}