{"dual_bound": 194472390.95378703, "primal_bound": 194472390.95378733}