{"dual_bound": 654275948.2835648, "primal_bound": 654300527.471499}