{"dual_bound": 655867026.8092697, "primal_bound": 655892439.0853913}