{"dual_bound": 3452613418.1648374, "primal_bound": 3452702509.666154}