{"dual_bound": 877012497.8562415, "primal_bound": 877019668.5488443}