{"dual_bound": 355185736.45915186, "primal_bound": 355205765.49632037}