{"dual_bound": 149667041.4396885, "primal_bound": 149667041.43968865}