{"dual_bound": 776540.2392319464, "primal_bound": 776540.2392319466}