{"dual_bound": 783671.8607564141, "primal_bound": 783671.8607564141}