{"dual_bound": 886427894.8580595, "primal_bound": 886476442.4199665}