{"dual_bound": 356663453.98690903, "primal_bound": 356677247.7113357}