{"dual_bound": 195687457.49995133, "primal_bound": 195704204.83762246}