{"dual_bound": 895835972.342352, "primal_bound": 895882701.3741422}