{"dual_bound": 358095472.50844324, "primal_bound": 358114593.87233114}