{"dual_bound": 358267090.21846104, "primal_bound": 358267124.6955992}