{"dual_bound": 194249961.96349669, "primal_bound": 194249996.27089143}