{"dual_bound": 782654.0079116395, "primal_bound": 782654.00791164}