{"dual_bound": 44204978.90287973, "primal_bound": 44209050.65435697}