{"dual_bound": 656507725.2409477, "primal_bound": 656532836.4258467}