{"dual_bound": 654507034.017371, "primal_bound": 654529179.9897779}