{"dual_bound": 40434021780.09806, "primal_bound": 40434095023.74231}