{"dual_bound": 664774821.7898502, "primal_bound": 664813776.0562896}