{"dual_bound": 53292362.69808312, "primal_bound": 53292362.69808312}