{"dual_bound": 202319881.33985728, "primal_bound": 202337615.4407871}