{"dual_bound": 877772233.0862837, "primal_bound": 877784098.7140052}