{"dual_bound": 896713660.8035169, "primal_bound": 896738114.8878039}