{"dual_bound": 656642897.4954323, "primal_bound": 656662606.6046616}