{"dual_bound": 658170234.937835, "primal_bound": 658185551.9320309}