{"dual_bound": 659633850.9645773, "primal_bound": 659646329.7332153}