{"dual_bound": 890217696.4600687, "primal_bound": 890232787.1009792}