{"dual_bound": 357397160.7547213, "primal_bound": 357415433.9081079}