{"dual_bound": 655078523.428885, "primal_bound": 655088229.9231747}