{"dual_bound": 778119.8344845362, "primal_bound": 778119.8344845362}