{"dual_bound": 650303207.3974098, "primal_bound": 650321406.3963841}