{"dual_bound": 911396330.7522482, "primal_bound": 911396362.9220781}