{"dual_bound": 896258582.1464088, "primal_bound": 896268220.5261946}