{"dual_bound": 40513944290.14009, "primal_bound": 40513976462.61252}