{"dual_bound": 358685901.8165007, "primal_bound": 358717315.97989833}