{"dual_bound": 43497678.9835984, "primal_bound": 43500507.26911215}