{"dual_bound": 40097603181.24872, "primal_bound": 40097618573.34076}