{"dual_bound": 785503.0547468459, "primal_bound": 785503.0547468459}