{"dual_bound": 357092431.6365479, "primal_bound": 357107736.106114}