{"dual_bound": 3396731053.438387, "primal_bound": 3396844178.166783}