{"dual_bound": 655921777.4453523, "primal_bound": 655941953.9521127}