{"dual_bound": 194113677.78183055, "primal_bound": 194116974.09926316}