{"dual_bound": 51469632.83719733, "primal_bound": 51469632.83719733}