{"dual_bound": 888221137.0978336, "primal_bound": 888270233.6955417}