{"dual_bound": 774838.3809005618, "primal_bound": 774838.3809005633}