{"dual_bound": 40266711223.747894, "primal_bound": 40266794171.143486}