{"dual_bound": 896258051.4149534, "primal_bound": 896265366.2860978}