{"dual_bound": 41171060117.72143, "primal_bound": 41171150560.86442}