{"dual_bound": 41024107014.96716, "primal_bound": 41024175574.003624}