{"dual_bound": 358314203.8120677, "primal_bound": 358314334.9715075}