{"dual_bound": 907218649.4521753, "primal_bound": 907255247.1437235}