{"dual_bound": 3417609556.882686, "primal_bound": 3417630796.74932}