{"dual_bound": 359469620.9843246, "primal_bound": 359477871.56318694}