{"dual_bound": 194498267.3212957, "primal_bound": 194506223.17684385}