{"dual_bound": 3424942759.6283107, "primal_bound": 3424967190.6117845}