{"dual_bound": 441504886.8798135, "primal_bound": 441513445.5546024}