{"dual_bound": 153758150.27549925, "primal_bound": 153767815.02979502}