{"dual_bound": 3436382686.5905704, "primal_bound": 3436526486.9470787}