{"dual_bound": 40295152296.50668, "primal_bound": 40295191569.47681}