{"dual_bound": 193184455.24641204, "primal_bound": 193190926.68281347}