{"dual_bound": 196241283.79934326, "primal_bound": 196244713.3021437}