{"dual_bound": 40957408609.34559, "primal_bound": 40957476745.82969}