{"dual_bound": 40997850668.96225, "primal_bound": 40998065083.42536}