{"dual_bound": 657010995.3372798, "primal_bound": 657026860.8519181}