{"dual_bound": 656072717.2041479, "primal_bound": 656123186.3036033}