{"dual_bound": 658057340.3532299, "primal_bound": 658090997.6400111}