{"dual_bound": 32672723.25504952, "primal_bound": 32672723.25504952}