{"dual_bound": 195286213.59905517, "primal_bound": 195289840.24733073}