{"dual_bound": 893306379.084618, "primal_bound": 893354358.5697086}