{"dual_bound": 890823794.9531331, "primal_bound": 890871414.6003574}