{"dual_bound": 3408080077.2598987, "primal_bound": 3408108035.1122966}