{"dual_bound": 780180.0630478102, "primal_bound": 780180.0630478102}