{"dual_bound": 656725817.4168875, "primal_bound": 656738851.5272758}