{"dual_bound": 40095969203.94587, "primal_bound": 40096002393.73038}