{"dual_bound": 196392654.1133213, "primal_bound": 196406370.75154477}