{"dual_bound": 357991526.5954184, "primal_bound": 358008771.95284444}