{"dual_bound": 899046099.5907242, "primal_bound": 899071000.5271779}