{"dual_bound": 657152841.6737261, "primal_bound": 657178083.9307641}