{"dual_bound": 356624765.98867106, "primal_bound": 356639253.0987362}