{"dual_bound": 3397541036.8475165, "primal_bound": 3397598355.4832535}