{"dual_bound": 910504597.8693453, "primal_bound": 910508851.9942377}