{"dual_bound": 3407993571.157383, "primal_bound": 3408102670.22848}