{"dual_bound": 40043328560.14917, "primal_bound": 40043398150.54505}