{"dual_bound": 659972444.1719834, "primal_bound": 659997894.660306}