{"dual_bound": 195422115.11090356, "primal_bound": 195439262.29081163}