{"dual_bound": 3409326072.647935, "primal_bound": 3409350128.1044874}