{"dual_bound": 357052231.4202697, "primal_bound": 357066819.8872102}