{"dual_bound": 195908460.7831095, "primal_bound": 195913450.2154917}