{"dual_bound": 44035577.69556541, "primal_bound": 44039353.46931012}