{"dual_bound": 40368680356.90358, "primal_bound": 40368753979.823364}