{"dual_bound": 43890789.466926984, "primal_bound": 43890789.46692701}