{"dual_bound": 191321922.9672426, "primal_bound": 191322051.37469074}