{"dual_bound": 899355529.5275799, "primal_bound": 899359634.7741295}