{"dual_bound": 356669301.4842714, "primal_bound": 356682029.23111564}