{"dual_bound": 32767444.100579254, "primal_bound": 32767444.100579254}