{"dual_bound": 442807746.3812245, "primal_bound": 442848954.6476668}