{"dual_bound": 656754843.4277138, "primal_bound": 656804624.9738839}