{"dual_bound": 356803557.46538484, "primal_bound": 356807799.82804054}