{"dual_bound": 33403109.40977996, "primal_bound": 33403109.409780033}