{"dual_bound": 653508231.4120193, "primal_bound": 653558906.1246581}