{"dual_bound": 447500954.8563839, "primal_bound": 447511637.84105784}