{"dual_bound": 39471945133.248764, "primal_bound": 39472014208.33536}