{"dual_bound": 42502526.483940996, "primal_bound": 42502526.483940996}