{"dual_bound": 782125.0669588791, "primal_bound": 782125.0669588791}