{"dual_bound": 193005564.78833702, "primal_bound": 193014177.54608074}