{"dual_bound": 355075445.61170745, "primal_bound": 355075455.63154215}