{"dual_bound": 659327761.8643364, "primal_bound": 659357966.8969983}