{"dual_bound": 870392377.3429259, "primal_bound": 870417438.8268764}