{"dual_bound": 360184073.70673716, "primal_bound": 360203201.9929025}