{"dual_bound": 656023136.8502378, "primal_bound": 656041583.1615471}