{"dual_bound": 653589886.3516024, "primal_bound": 653617733.9842685}