{"dual_bound": 358532649.1840205, "primal_bound": 358532657.9413465}