{"dual_bound": 43989030.377246566, "primal_bound": 43989030.377246566}