{"dual_bound": 659179228.2137079, "primal_bound": 659207213.1969208}