{"dual_bound": 41814877450.88617, "primal_bound": 41814930646.81812}