{"dual_bound": 194337995.50568384, "primal_bound": 194347821.532506}