{"dual_bound": 656783451.7177322, "primal_bound": 656801003.2942895}