{"dual_bound": 3380629976.650302, "primal_bound": 3380630061.8980722}