{"dual_bound": 41458069739.828514, "primal_bound": 41458181569.34688}