{"dual_bound": 85185809.28931426, "primal_bound": 85190794.97137341}