{"dual_bound": 356953014.85107714, "primal_bound": 356977305.68862104}