{"dual_bound": 3378825445.004611, "primal_bound": 3378844860.8203764}