{"dual_bound": 42520373.31751849, "primal_bound": 42523361.3353673}