{"dual_bound": 3397001655.716016, "primal_bound": 3397001755.6675324}