{"dual_bound": 902920493.962618, "primal_bound": 902969609.928782}