{"dual_bound": 351324173.1585851, "primal_bound": 351324203.2764474}