{"dual_bound": 359715519.3266562, "primal_bound": 359731337.9476456}