{"dual_bound": 883492143.7862195, "primal_bound": 883501755.5729926}