{"dual_bound": 41087509614.723946, "primal_bound": 41087645756.78073}