{"dual_bound": 156642408.68016663, "primal_bound": 156642408.68016663}