{"dual_bound": 198477926.94508457, "primal_bound": 198482255.01742727}