{"dual_bound": 439418510.55300426, "primal_bound": 439454980.26775306}