{"dual_bound": 898456559.3268204, "primal_bound": 898474490.2420142}