{"dual_bound": 40240120260.63162, "primal_bound": 40240180088.28277}