{"dual_bound": 659090182.4782856, "primal_bound": 659115225.092577}