{"dual_bound": 3427449158.9117417, "primal_bound": 3427619647.539448}