{"dual_bound": 53822385.66899092, "primal_bound": 53822385.66899092}