{"dual_bound": 763611.9038074763, "primal_bound": 763611.9038074763}