{"dual_bound": 882440956.0970511, "primal_bound": 882444639.23147}