{"dual_bound": 440808504.2450831, "primal_bound": 440842535.41737854}