{"dual_bound": 903826474.1696117, "primal_bound": 903871966.454204}