{"dual_bound": 3435035693.9644656, "primal_bound": 3435173238.6418514}