{"dual_bound": 769888.0941745949, "primal_bound": 769888.0941745952}