{"dual_bound": 657141899.5608687, "primal_bound": 657151535.920085}