{"dual_bound": 194623960.17313325, "primal_bound": 194627214.25324023}