{"dual_bound": 194183263.44912606, "primal_bound": 194183263.56355995}