{"dual_bound": 3414252529.1685395, "primal_bound": 3414278628.150455}