{"dual_bound": 357721813.6995319, "primal_bound": 357721846.4972079}