{"dual_bound": 656770637.8591624, "primal_bound": 656795479.0216929}