{"dual_bound": 52736770.60297513, "primal_bound": 52736770.60297513}