{"dual_bound": 39978556612.551476, "primal_bound": 39978645765.230675}