{"dual_bound": 40966898476.37338, "primal_bound": 40967012588.23602}