{"dual_bound": 357579177.09400016, "primal_bound": 357599358.01639795}