{"dual_bound": 44771752.49407117, "primal_bound": 44771752.49407117}