{"dual_bound": 32251924.18020196, "primal_bound": 32251924.18020196}