{"dual_bound": 189386173.77877453, "primal_bound": 189395738.2595981}