{"dual_bound": 81012622.20992835, "primal_bound": 81012622.20992835}