{"dual_bound": 198922999.0548278, "primal_bound": 198942848.49805683}