{"dual_bound": 353586195.62704265, "primal_bound": 353593040.0126254}