{"dual_bound": 40848524400.37043, "primal_bound": 40848601866.09478}