{"dual_bound": 32891796.589163974, "primal_bound": 32891796.589164015}