{"dual_bound": 3396109440.262815, "primal_bound": 3396123781.2201805}