{"dual_bound": 32878852.265436325, "primal_bound": 32878852.265436374}