{"dual_bound": 657355111.3623502, "primal_bound": 657361539.4152191}