{"dual_bound": 193301865.0239015, "primal_bound": 193314315.59508634}