{"dual_bound": 53201388.58190231, "primal_bound": 53201388.581902385}