{"dual_bound": 3405604740.7172217, "primal_bound": 3405755658.6554875}