{"dual_bound": 435398394.59799445, "primal_bound": 435434018.6010141}