{"dual_bound": 906282333.8138093, "primal_bound": 906286273.8738592}