{"dual_bound": 45392736.19815135, "primal_bound": 45392736.19815135}