{"dual_bound": 81633738.37988202, "primal_bound": 81633738.37988202}