{"dual_bound": 3393020259.35001, "primal_bound": 3393040497.1622868}