{"dual_bound": 32461285.422802713, "primal_bound": 32461285.422802713}