{"dual_bound": 901209604.587207, "primal_bound": 901232547.343935}