{"dual_bound": 654578373.5515192, "primal_bound": 654594269.5849813}