{"dual_bound": 32213476.373124603, "primal_bound": 32213476.373124603}