{"dual_bound": 656744677.440243, "primal_bound": 656769756.6648017}