{"dual_bound": 33454869.33557249, "primal_bound": 33454869.33557249}