{"dual_bound": 41423090902.966995, "primal_bound": 41423124930.77376}