{"dual_bound": 32888595.37759493, "primal_bound": 32888595.37759493}