{"dual_bound": 3419846475.188085, "primal_bound": 3419846547.434474}