{"dual_bound": 654846195.7254834, "primal_bound": 654870955.3373023}