{"dual_bound": 194742454.25447905, "primal_bound": 194759496.1309757}