{"dual_bound": 444395551.0224224, "primal_bound": 444430493.79905945}