{"dual_bound": 3404078670.320878, "primal_bound": 3404102563.9666805}