{"dual_bound": 358502951.2767838, "primal_bound": 358516715.69515836}