{"dual_bound": 155185866.3371626, "primal_bound": 155185866.3371626}