{"dual_bound": 41081186453.94112, "primal_bound": 41081315061.28449}