{"dual_bound": 651415569.956165, "primal_bound": 651465453.1776599}