{"dual_bound": 800992.380539548, "primal_bound": 800992.3805395481}