{"dual_bound": 194520845.49781948, "primal_bound": 194528775.70444664}