{"dual_bound": 33218898.558077946, "primal_bound": 33218898.558077946}