{"dual_bound": 786798.7469286353, "primal_bound": 786798.7469286353}