{"dual_bound": 3418454818.6142597, "primal_bound": 3418591759.2272267}