{"dual_bound": 3426074940.733986, "primal_bound": 3426132242.70528}