{"dual_bound": 356269685.646403, "primal_bound": 356269722.60167015}