{"dual_bound": 445430904.91061115, "primal_bound": 445465072.16902196}