{"dual_bound": 442236928.79054093, "primal_bound": 442250144.2609336}