{"dual_bound": 764789.4245706989, "primal_bound": 764789.4245706989}