{"dual_bound": 35378106.99197177, "primal_bound": 35378119.84620267}