{"dual_bound": 356318626.23131716, "primal_bound": 356318647.2304684}