{"dual_bound": 891209595.0020912, "primal_bound": 891257491.44732}