{"dual_bound": 33184967.393938214, "primal_bound": 33184967.393938325}