{"dual_bound": 3437137716.3202615, "primal_bound": 3437219058.614806}