{"dual_bound": 3415552454.6891227, "primal_bound": 3415579448.9301376}