{"dual_bound": 358263934.9451467, "primal_bound": 358263948.3380929}