{"dual_bound": 40674153980.42666, "primal_bound": 40674323807.64168}