{"dual_bound": 357714127.9811482, "primal_bound": 357740059.9284507}