{"dual_bound": 654213273.6688528, "primal_bound": 654222920.5913365}