{"dual_bound": 42535562.87428803, "primal_bound": 42535776.82643494}