{"dual_bound": 441108422.64540005, "primal_bound": 441144621.64390117}