{"dual_bound": 774987.2062224927, "primal_bound": 774987.2062224952}