{"dual_bound": 657729903.6407304, "primal_bound": 657755074.8788574}