{"dual_bound": 658248221.3478608, "primal_bound": 658265828.508205}