{"dual_bound": 665676430.2761257, "primal_bound": 665693107.965548}