{"dual_bound": 353921395.9502425, "primal_bound": 353921403.8463927}