{"dual_bound": 3415069526.3321137, "primal_bound": 3415100543.8718877}