{"dual_bound": 32897760.53194338, "primal_bound": 32897760.53194338}