{"dual_bound": 40854573039.17867, "primal_bound": 40854642345.326416}