{"dual_bound": 191514367.81236023, "primal_bound": 191522771.41493466}