{"dual_bound": 40196281850.65242, "primal_bound": 40196369886.973854}