{"dual_bound": 917453974.3219769, "primal_bound": 917473637.4344612}