{"dual_bound": 32819246.176388912, "primal_bound": 32819246.176388912}