{"dual_bound": 192510380.1684152, "primal_bound": 192527618.05058193}