{"dual_bound": 3388915169.211312, "primal_bound": 3388939570.7063975}