{"dual_bound": 78947136.5097632, "primal_bound": 78947136.5097632}