{"dual_bound": 41309948927.88555, "primal_bound": 41309959597.91312}