{"dual_bound": 197276536.32925236, "primal_bound": 197293201.83880365}