{"dual_bound": 442252796.3183371, "primal_bound": 442294434.94816196}