{"dual_bound": 357840108.0669125, "primal_bound": 357840622.8608651}