{"dual_bound": 40661159816.94877, "primal_bound": 40661236019.950966}