{"dual_bound": 358635907.47818303, "primal_bound": 358651395.43699753}