{"dual_bound": 195015015.34995776, "primal_bound": 195021076.240063}