{"dual_bound": 652370282.8124758, "primal_bound": 652401736.5345324}