{"dual_bound": 897952703.2348745, "primal_bound": 897999489.9865624}