{"dual_bound": 3394388510.4124193, "primal_bound": 3394409839.324713}