{"dual_bound": 650174568.0812185, "primal_bound": 650192309.6644633}