{"dual_bound": 359205171.97984093, "primal_bound": 359205189.2735725}