{"dual_bound": 41350543136.63393, "primal_bound": 41350594400.55671}