{"dual_bound": 657641546.6229732, "primal_bound": 657673303.4084584}