{"dual_bound": 354601599.62956, "primal_bound": 354601671.2242498}