{"dual_bound": 194049549.82814956, "primal_bound": 194057448.0434771}