{"dual_bound": 888960246.583921, "primal_bound": 888963651.0712066}