{"dual_bound": 32986541.318727028, "primal_bound": 32986541.318727028}