{"dual_bound": 32835418.62662475, "primal_bound": 32835418.62662475}