{"dual_bound": 3404621476.070666, "primal_bound": 3404808859.2809467}