{"dual_bound": 353348067.0582451, "primal_bound": 353348107.6500556}