{"dual_bound": 359030983.6173087, "primal_bound": 359049401.9301661}