{"dual_bound": 655261067.5338776, "primal_bound": 655311967.8623141}