{"dual_bound": 354595943.7821597, "primal_bound": 354595961.5169339}