{"dual_bound": 656521222.7668658, "primal_bound": 656539415.8245176}