{"dual_bound": 33145245.610065088, "primal_bound": 33145245.610065088}