{"dual_bound": 33118722.932119876, "primal_bound": 33118722.932119876}