{"dual_bound": 651114733.8926685, "primal_bound": 651124469.7147651}