{"dual_bound": 356490663.8655442, "primal_bound": 356505194.06849414}