{"dual_bound": 904035685.0987984, "primal_bound": 904038671.6197076}