{"dual_bound": 444872495.63886386, "primal_bound": 444912672.3534937}