{"dual_bound": 776532.849669702, "primal_bound": 776532.849669702}