{"dual_bound": 658684086.714143, "primal_bound": 658723145.6127363}