{"dual_bound": 360392572.23568857, "primal_bound": 360405401.8809331}