{"dual_bound": 442874739.2576615, "primal_bound": 442913932.00540125}