{"dual_bound": 781884.612869608, "primal_bound": 781884.6128696109}