{"dual_bound": 194952875.11792254, "primal_bound": 194964601.9587131}