{"dual_bound": 33182322.682938226, "primal_bound": 33182322.682938226}