{"dual_bound": 357121929.7193167, "primal_bound": 357142050.83814216}