{"dual_bound": 776423.1019228401, "primal_bound": 776423.1019228405}