{"dual_bound": 191245049.34633705, "primal_bound": 191258459.52357498}