{"dual_bound": 893611602.105294, "primal_bound": 893613572.881594}