{"dual_bound": 767886.5238644625, "primal_bound": 767886.5238644625}