{"dual_bound": 783836.9398320202, "primal_bound": 783836.9398320202}