{"dual_bound": 357795988.78925025, "primal_bound": 357796013.2442917}