{"dual_bound": 357721040.4235111, "primal_bound": 357721075.59016997}