{"dual_bound": 3399332962.015771, "primal_bound": 3399354008.401802}