{"dual_bound": 35349147.19289321, "primal_bound": 35352419.30785233}