{"dual_bound": 656935094.1150153, "primal_bound": 656961036.997094}