{"dual_bound": 886787573.5244046, "primal_bound": 886802205.4340279}