{"dual_bound": 3414951487.142107, "primal_bound": 3414976439.3725553}