{"dual_bound": 41119234693.05146, "primal_bound": 41119291448.10748}