{"dual_bound": 3435070433.829458, "primal_bound": 3435128511.6030297}