{"dual_bound": 358906613.5885111, "primal_bound": 358922757.30369705}