{"dual_bound": 888129049.0009319, "primal_bound": 888146311.7835621}