{"dual_bound": 438063416.8635192, "primal_bound": 438098588.4390457}