{"dual_bound": 196272923.36130416, "primal_bound": 196277745.9348592}