{"dual_bound": 33581251.81558427, "primal_bound": 33581251.81558427}