{"dual_bound": 786460.146289981, "primal_bound": 786460.1462899811}