{"dual_bound": 35885480.756051555, "primal_bound": 35885686.31172925}