{"dual_bound": 657148422.1575143, "primal_bound": 657161307.8536326}