{"dual_bound": 441567704.78193665, "primal_bound": 441608606.0590992}