{"dual_bound": 33077120.99758081, "primal_bound": 33077120.99758081}