{"dual_bound": 34239884.238856144, "primal_bound": 34239884.238856144}