{"dual_bound": 657953915.125945, "primal_bound": 658011299.7553163}