{"dual_bound": 657899550.0702567, "primal_bound": 657912426.3263508}