{"dual_bound": 3422491567.966019, "primal_bound": 3422491620.564949}