{"dual_bound": 657522044.3623376, "primal_bound": 657546565.6795272}