{"dual_bound": 41530448309.62989, "primal_bound": 41530534860.99055}