{"dual_bound": 153379861.65515858, "primal_bound": 153379861.6551586}