{"dual_bound": 657162180.1341633, "primal_bound": 657180416.9780294}