{"dual_bound": 192108629.84412977, "primal_bound": 192124732.19133434}