{"dual_bound": 45063052.118464366, "primal_bound": 45063052.11846437}