{"dual_bound": 649209227.1959395, "primal_bound": 649234280.8432271}