{"dual_bound": 662892754.079593, "primal_bound": 662917836.6602273}