{"dual_bound": 199149964.7853285, "primal_bound": 199162597.6833062}