{"dual_bound": 194627125.54094556, "primal_bound": 194637401.27157637}