{"dual_bound": 43782810.5722214, "primal_bound": 43782810.572221436}