{"dual_bound": 33107127.25445612, "primal_bound": 33107127.25445612}