{"dual_bound": 3401582864.194784, "primal_bound": 3401669499.72446}