{"dual_bound": 194393710.6799218, "primal_bound": 194399776.8974487}