{"dual_bound": 354595332.63451874, "primal_bound": 354595423.13410217}