{"dual_bound": 43867574.9884443, "primal_bound": 43867574.9884443}