{"dual_bound": 43400509.78544018, "primal_bound": 43404585.27526394}