{"dual_bound": 356584219.1278023, "primal_bound": 356584253.79934096}