{"dual_bound": 196188255.42594558, "primal_bound": 196198541.477873}