{"dual_bound": 357437405.75716335, "primal_bound": 357437775.09574354}