{"dual_bound": 360213449.66722965, "primal_bound": 360213531.7461389}