{"dual_bound": 157468065.0113203, "primal_bound": 157468065.01132035}