{"dual_bound": 192139318.10264736, "primal_bound": 192143299.66277024}