{"dual_bound": 40795162403.869255, "primal_bound": 40795163104.66218}