{"dual_bound": 194013253.6386459, "primal_bound": 194030337.1411728}