{"dual_bound": 39484794613.48408, "primal_bound": 39484880433.76383}