{"dual_bound": 189971895.97148517, "primal_bound": 189980919.5071046}