{"dual_bound": 355475762.6621167, "primal_bound": 355475968.74561983}