{"dual_bound": 656427588.9211652, "primal_bound": 656440185.5084496}