{"dual_bound": 354280776.8150768, "primal_bound": 354299034.35058904}