{"dual_bound": 897705539.2360777, "primal_bound": 897721432.7371043}