{"dual_bound": 356947112.75444996, "primal_bound": 356947137.90004873}