{"dual_bound": 3429081467.2865567, "primal_bound": 3429098420.27462}