{"dual_bound": 3419551510.9090204, "primal_bound": 3419552038.604543}