{"dual_bound": 887740093.1584326, "primal_bound": 887740093.1584332}