{"dual_bound": 881747510.5392338, "primal_bound": 881764767.8333608}