{"dual_bound": 359107769.1453361, "primal_bound": 359107812.16545904}