{"dual_bound": 441341002.7875965, "primal_bound": 441381789.15539473}