{"dual_bound": 660424925.3439995, "primal_bound": 660448855.0450541}