{"dual_bound": 32540303.35837035, "primal_bound": 32540303.35837035}