{"dual_bound": 42849517.925980456, "primal_bound": 42849517.925980456}