{"dual_bound": 152461459.16396946, "primal_bound": 152461459.1639695}