{"dual_bound": 3399040745.657491, "primal_bound": 3399097583.923972}