{"dual_bound": 657991285.3495147, "primal_bound": 658001222.7850679}