{"dual_bound": 442602195.5164566, "primal_bound": 442644862.92606443}