{"dual_bound": 658409870.950548, "primal_bound": 658433020.4476658}