{"dual_bound": 665830555.6122632, "primal_bound": 665861646.9567395}