{"dual_bound": 895839776.3126857, "primal_bound": 895848841.9357141}