{"dual_bound": 81684076.5635071, "primal_bound": 81684076.5635071}