{"dual_bound": 355206333.84214103, "primal_bound": 355228826.58565384}