{"dual_bound": 151943664.34347242, "primal_bound": 151950337.30185407}