{"dual_bound": 33457876.69786477, "primal_bound": 33457876.69786486}