{"dual_bound": 41658908085.63496, "primal_bound": 41658994306.04525}