{"dual_bound": 43771841.46733221, "primal_bound": 43771841.46733221}