{"dual_bound": 654120814.513973, "primal_bound": 654140726.5740137}