{"dual_bound": 357101044.88043314, "primal_bound": 357102038.2940304}