{"dual_bound": 40691363440.53192, "primal_bound": 40691416317.73513}