{"dual_bound": 42398636.75487153, "primal_bound": 42402707.004139744}