{"dual_bound": 771975.433996973, "primal_bound": 771975.433996973}