{"dual_bound": 3390913139.467729, "primal_bound": 3390934467.1070485}