{"dual_bound": 197199621.79924288, "primal_bound": 197199692.07300478}