{"dual_bound": 858079639.4145175, "primal_bound": 858087252.5931818}