{"dual_bound": 357699078.1114502, "primal_bound": 357699094.5654999}