{"dual_bound": 659239032.3029149, "primal_bound": 659266433.3881481}