{"dual_bound": 3411383668.2019343, "primal_bound": 3411405429.2850704}