{"dual_bound": 357482731.6006831, "primal_bound": 357501324.9233068}