{"dual_bound": 3403963743.2936993, "primal_bound": 3403963832.348697}