{"dual_bound": 356790884.62380356, "primal_bound": 356795537.004335}