{"dual_bound": 196460199.59856868, "primal_bound": 196465360.19154808}