{"dual_bound": 788167.170911897, "primal_bound": 788167.170911897}