{"dual_bound": 41438095510.44934, "primal_bound": 41438722132.84662}