{"dual_bound": 85703387.6119873, "primal_bound": 85704103.2801284}