{"dual_bound": 358292166.83772945, "primal_bound": 358312846.9001774}