{"dual_bound": 653739290.8204812, "primal_bound": 653764269.6259304}