{"dual_bound": 40484623750.31119, "primal_bound": 40484710782.60225}