{"dual_bound": 82752526.67444174, "primal_bound": 82756947.81401818}