{"dual_bound": 355167960.15018225, "primal_bound": 355179560.14835936}