{"dual_bound": 41570727371.57472, "primal_bound": 41570793471.06343}