{"dual_bound": 652023242.2424625, "primal_bound": 652054478.836626}