{"dual_bound": 756335.2907322443, "primal_bound": 756335.2907322444}