{"dual_bound": 358451987.53359723, "primal_bound": 358468763.4957331}