{"dual_bound": 3444872915.846083, "primal_bound": 3444873032.5215306}