{"dual_bound": 892397788.7123593, "primal_bound": 892411166.2668569}