{"dual_bound": 3424399239.1078277, "primal_bound": 3424415869.5964203}