{"dual_bound": 36250342.51776698, "primal_bound": 36252898.00247312}