{"dual_bound": 651037280.3778772, "primal_bound": 651056287.4906538}