{"dual_bound": 355850749.07076347, "primal_bound": 355875258.0171155}