{"dual_bound": 3418633701.3542013, "primal_bound": 3418765060.328857}