{"dual_bound": 41228477411.02052, "primal_bound": 41228544984.048256}