{"dual_bound": 40799775803.36689, "primal_bound": 40799823752.33283}