{"dual_bound": 659684997.6888072, "primal_bound": 659716242.4431267}