{"dual_bound": 39169325524.84732, "primal_bound": 39169416611.32907}