{"dual_bound": 198838925.76034105, "primal_bound": 198852683.6554141}