{"dual_bound": 768830.9696175153, "primal_bound": 768830.9696175174}