{"dual_bound": 3411205083.675811, "primal_bound": 3411238175.6780324}