{"dual_bound": 33290110.89982576, "primal_bound": 33290110.89982576}