{"dual_bound": 355619847.5545463, "primal_bound": 355639563.45092523}