{"dual_bound": 195058911.6614624, "primal_bound": 195062125.99557236}