{"dual_bound": 900499492.1348108, "primal_bound": 900542646.0602584}