{"dual_bound": 658544709.6419411, "primal_bound": 658557705.299668}