{"dual_bound": 33284054.693072982, "primal_bound": 33284054.693073}