{"dual_bound": 779115.9422587501, "primal_bound": 779115.9422587503}