{"dual_bound": 763527.7569186403, "primal_bound": 763527.7569186403}