{"dual_bound": 357489771.74664164, "primal_bound": 357507027.80702674}