{"dual_bound": 434811964.5348829, "primal_bound": 434845806.4110161}