{"dual_bound": 42880507.79444571, "primal_bound": 42884618.85059226}