{"dual_bound": 358429779.14998657, "primal_bound": 358444852.63441336}