{"dual_bound": 769109.6001970372, "primal_bound": 769109.6001970372}