{"dual_bound": 360012258.15405524, "primal_bound": 360012287.05042404}