{"dual_bound": 32983075.114600047, "primal_bound": 32983075.114600074}