{"dual_bound": 354980683.43879676, "primal_bound": 354999440.50755197}