{"dual_bound": 42686857.77867796, "primal_bound": 42690702.914656065}