{"dual_bound": 41590278892.33288, "primal_bound": 41590383903.966194}