{"dual_bound": 43567829.11747529, "primal_bound": 43572003.01199882}