{"dual_bound": 774187.9382216755, "primal_bound": 774187.9382216755}