{"dual_bound": 43475350.96106293, "primal_bound": 43475350.96106293}