{"dual_bound": 42906914.152067065, "primal_bound": 42910991.01919592}