{"dual_bound": 358769067.3675821, "primal_bound": 358782476.660478}