{"dual_bound": 3421660040.5926557, "primal_bound": 3421680581.238301}