{"dual_bound": 194473305.91352355, "primal_bound": 194473305.91352355}