{"dual_bound": 35787814.92262266, "primal_bound": 35787814.92262266}