{"dual_bound": 3440556566.379591, "primal_bound": 3440578752.5197506}