{"dual_bound": 886243760.2693224, "primal_bound": 886253506.3853893}