{"dual_bound": 3432451198.1295114, "primal_bound": 3432590072.749087}