{"dual_bound": 3431310466.607701, "primal_bound": 3431310566.987259}