{"dual_bound": 3404389189.495955, "primal_bound": 3404490063.9879584}