{"dual_bound": 33015109.01281439, "primal_bound": 33015109.01281439}