{"dual_bound": 884479377.6570008, "primal_bound": 884497733.9875816}