{"dual_bound": 437481233.8941165, "primal_bound": 437516556.7769604}