{"dual_bound": 196487501.42473727, "primal_bound": 196491235.96509862}