{"dual_bound": 149850543.49938145, "primal_bound": 149850543.49938145}