{"dual_bound": 357967489.0591995, "primal_bound": 357967512.43506163}