{"dual_bound": 358310358.1237358, "primal_bound": 358327919.934076}