{"dual_bound": 41932880179.752075, "primal_bound": 41932965915.079506}