{"dual_bound": 879175631.541569, "primal_bound": 879190747.2928123}