{"dual_bound": 653723225.560676, "primal_bound": 653754306.1580874}