{"dual_bound": 43925250.454870224, "primal_bound": 43925250.454870224}