{"dual_bound": 32918484.165497977, "primal_bound": 32918484.16549803}