{"dual_bound": 40719985003.55172, "primal_bound": 40720002565.36864}