{"dual_bound": 41341316544.76776, "primal_bound": 41341385041.62439}