{"dual_bound": 40342038605.51053, "primal_bound": 40342091075.141335}