{"dual_bound": 51994458.58661615, "primal_bound": 51994458.58661624}