{"dual_bound": 443216608.8873522, "primal_bound": 443225026.0230207}