{"dual_bound": 657950648.0763865, "primal_bound": 657985723.8092259}