{"dual_bound": 3426904502.1256924, "primal_bound": 3426904572.013915}