{"dual_bound": 52570550.31339354, "primal_bound": 52570550.31339354}