{"dual_bound": 889480369.1723272, "primal_bound": 889528910.9297485}