{"dual_bound": 440649302.77420205, "primal_bound": 440683801.20983654}