{"dual_bound": 659786262.40326, "primal_bound": 659810984.2547654}