{"dual_bound": 436721370.38689685, "primal_bound": 436732489.8234755}