{"dual_bound": 3419037191.32033, "primal_bound": 3419126038.448389}