{"dual_bound": 435092876.46602136, "primal_bound": 435127756.5908453}