{"dual_bound": 40522221456.78897, "primal_bound": 40522317943.53407}