{"dual_bound": 3412380435.5667977, "primal_bound": 3412490842.8718033}