{"dual_bound": 35239819.397034235, "primal_bound": 35239819.397034235}