{"dual_bound": 440097069.80522513, "primal_bound": 440132893.48558027}