{"dual_bound": 43905025.39709759, "primal_bound": 43909276.68369522}