{"dual_bound": 40635004265.71129, "primal_bound": 40635122146.255066}