{"dual_bound": 660998510.9761133, "primal_bound": 661014489.227165}