{"dual_bound": 44099888.65694742, "primal_bound": 44103922.01571322}