{"dual_bound": 39490929168.47869, "primal_bound": 39491400819.06573}