{"dual_bound": 3419328106.026566, "primal_bound": 3419329612.863023}