{"dual_bound": 196075177.1587558, "primal_bound": 196081658.1676191}