{"dual_bound": 157158691.60734588, "primal_bound": 157158691.60734603}