{"dual_bound": 193304481.53420374, "primal_bound": 193317993.00738132}