{"dual_bound": 659217949.4017959, "primal_bound": 659236281.0570394}