{"dual_bound": 82624218.98288718, "primal_bound": 82624274.35571915}