{"dual_bound": 43855371.00199816, "primal_bound": 43859604.91409655}