{"dual_bound": 40377431014.90719, "primal_bound": 40377554493.65266}