{"dual_bound": 33136502.96824672, "primal_bound": 33136502.968246754}