{"dual_bound": 900295916.4339103, "primal_bound": 900312862.2396096}