{"dual_bound": 33520775.59377205, "primal_bound": 33520775.59377205}