{"dual_bound": 443088262.97484744, "primal_bound": 443123964.7052878}