{"dual_bound": 34786848.4812887, "primal_bound": 34786848.48128872}