{"dual_bound": 3426713239.992585, "primal_bound": 3426814229.0908904}