{"dual_bound": 40320129368.50362, "primal_bound": 40320209540.358025}