{"dual_bound": 43038427.24093687, "primal_bound": 43038427.24093687}