{"dual_bound": 356015855.0098177, "primal_bound": 356015880.3713933}