{"dual_bound": 898910409.1247779, "primal_bound": 898928277.8977723}