{"dual_bound": 438273473.30227005, "primal_bound": 438307495.64023066}