{"dual_bound": 655502815.7903948, "primal_bound": 655527967.6385404}