{"dual_bound": 875646781.3514134, "primal_bound": 875661285.9035815}