{"dual_bound": 32505543.12604239, "primal_bound": 32505543.12604239}