{"dual_bound": 53823640.987348914, "primal_bound": 53823640.987348914}