{"dual_bound": 40698742662.64913, "primal_bound": 40698830367.00951}