{"dual_bound": 3419749389.067649, "primal_bound": 3419749462.7411466}