{"dual_bound": 901271811.3436662, "primal_bound": 901290154.3328712}