{"dual_bound": 900574790.0149975, "primal_bound": 900592320.247148}