{"dual_bound": 653879555.9239439, "primal_bound": 653910675.3088276}