{"dual_bound": 3402726488.0928044, "primal_bound": 3402843454.4716053}