{"dual_bound": 442779019.4123378, "primal_bound": 442819834.662193}