{"dual_bound": 431756833.64989275, "primal_bound": 431775009.08739126}