{"dual_bound": 3403390251.3900414, "primal_bound": 3403417675.0253267}