{"dual_bound": 882052732.0146359, "primal_bound": 882056899.3860224}