{"dual_bound": 41574621327.29129, "primal_bound": 41574690347.139244}