{"dual_bound": 85336604.56728324, "primal_bound": 85336604.56728324}