{"dual_bound": 652107491.7527225, "primal_bound": 652132761.8968612}