{"dual_bound": 902547148.1264493, "primal_bound": 902574575.719977}