{"dual_bound": 41121597224.08773, "primal_bound": 41121689418.09471}