{"dual_bound": 358596629.64704, "primal_bound": 358596648.15912724}