{"dual_bound": 3407514589.0365806, "primal_bound": 3407514782.4242024}