{"dual_bound": 194073604.51708642, "primal_bound": 194086050.26367438}