{"dual_bound": 355719069.02803344, "primal_bound": 355728675.19262785}