{"dual_bound": 660667137.6128848, "primal_bound": 660717108.8469459}