{"dual_bound": 194592022.57720292, "primal_bound": 194610974.9341252}