{"dual_bound": 44030335.40800284, "primal_bound": 44034714.957793444}