{"dual_bound": 765307.5996967711, "primal_bound": 765307.5996967714}