{"dual_bound": 84007980.43982808, "primal_bound": 84012316.9125554}