{"dual_bound": 439103734.1366774, "primal_bound": 439146637.5803354}