{"dual_bound": 660971912.1049562, "primal_bound": 660987847.4814303}