{"dual_bound": 194340340.8776196, "primal_bound": 194352227.31553966}