{"dual_bound": 771649.7699965416, "primal_bound": 771649.769996544}