{"dual_bound": 658322280.0268569, "primal_bound": 658338523.1420069}