{"dual_bound": 3403255305.8961587, "primal_bound": 3403286056.2226152}