{"dual_bound": 360084258.9386947, "primal_bound": 360103154.8851304}