{"dual_bound": 764996.1105101686, "primal_bound": 764996.1105101701}