{"dual_bound": 444373620.1040672, "primal_bound": 444414055.9980249}