{"dual_bound": 35978124.36388443, "primal_bound": 35979140.43014814}