{"dual_bound": 40606324080.30635, "primal_bound": 40606391801.27214}