{"dual_bound": 41233393101.77773, "primal_bound": 41233425340.76569}