{"dual_bound": 33297269.26024758, "primal_bound": 33297269.26024761}