{"dual_bound": 357776044.94326603, "primal_bound": 357809473.7043868}