{"dual_bound": 911702757.9273089, "primal_bound": 911706106.8647255}