{"dual_bound": 444575731.5623844, "primal_bound": 444593466.72159207}