{"dual_bound": 656977553.0724547, "primal_bound": 656998402.6710602}