{"dual_bound": 153121695.6039329, "primal_bound": 153121695.6039329}