{"dual_bound": 656647340.1187739, "primal_bound": 656660861.1350421}