{"dual_bound": 433682799.9792848, "primal_bound": 433718074.7009141}