{"dual_bound": 773485.6134075631, "primal_bound": 773485.6134075631}