{"dual_bound": 40782103645.36255, "primal_bound": 40782129748.71995}