{"dual_bound": 772673.4909881342, "primal_bound": 772673.4909881352}