{"dual_bound": 33142407.809451755, "primal_bound": 33142407.809451755}