{"dual_bound": 52969413.075257644, "primal_bound": 52969413.075257644}