{"dual_bound": 32983343.368596874, "primal_bound": 32983343.36859694}