{"dual_bound": 440379711.83983725, "primal_bound": 440415267.86173207}