{"dual_bound": 3410088867.8509107, "primal_bound": 3410142276.3544106}