{"dual_bound": 35919356.88825626, "primal_bound": 35920635.35698964}