{"dual_bound": 40404646877.65832, "primal_bound": 40404722232.84243}