{"dual_bound": 194802175.96406224, "primal_bound": 194805856.94818318}