{"dual_bound": 870648185.1059543, "primal_bound": 870656881.5783297}