{"dual_bound": 3391239032.6228004, "primal_bound": 3391259001.050457}