{"dual_bound": 899901442.1392599, "primal_bound": 899925996.5952386}