{"dual_bound": 151492637.7453773, "primal_bound": 151492637.7453773}