{"dual_bound": 33240339.029974636, "primal_bound": 33240339.029974636}