{"dual_bound": 41086968845.244835, "primal_bound": 41087007042.40258}