{"dual_bound": 39684425785.99522, "primal_bound": 39684510668.939354}