{"dual_bound": 35663137.919770315, "primal_bound": 35663137.91977035}