{"dual_bound": 770758.779789079, "primal_bound": 770758.7797890794}