{"dual_bound": 55128160.54334957, "primal_bound": 55128160.54334962}