{"dual_bound": 197845046.71212906, "primal_bound": 197858673.8260407}