{"dual_bound": 3411750545.0337706, "primal_bound": 3411750623.106677}