{"dual_bound": 659635777.8661038, "primal_bound": 659652494.7723378}