{"dual_bound": 648621877.4745398, "primal_bound": 648638880.2976536}