{"dual_bound": 43600158.587659016, "primal_bound": 43600158.587659016}