{"dual_bound": 3395278155.2205834, "primal_bound": 3395295423.3181562}