{"dual_bound": 157193060.7008015, "primal_bound": 157193060.7008015}