{"dual_bound": 3430506881.224598, "primal_bound": 3430565711.5784287}