{"dual_bound": 51930580.51135535, "primal_bound": 51930580.51135538}