{"dual_bound": 195015465.39808643, "primal_bound": 195029812.27984652}