{"dual_bound": 654261728.6998816, "primal_bound": 654271516.9018373}