{"dual_bound": 33405785.136749815, "primal_bound": 33405785.136749815}