{"dual_bound": 32925679.433647703, "primal_bound": 32925679.433647703}