{"dual_bound": 355956529.5578517, "primal_bound": 355956563.3028431}