{"dual_bound": 40620040834.62454, "primal_bound": 40620074984.888535}