{"dual_bound": 905398972.2903522, "primal_bound": 905416126.0750434}