{"dual_bound": 754823.4586174706, "primal_bound": 754823.4586174717}