{"dual_bound": 193446717.8860607, "primal_bound": 193463403.0046556}