{"dual_bound": 907982583.3381373, "primal_bound": 908000084.0147896}