{"dual_bound": 3396796410.4702773, "primal_bound": 3396851167.406317}