{"dual_bound": 84591115.87341173, "primal_bound": 84591115.87341173}