{"dual_bound": 774622.4574125883, "primal_bound": 774622.457412589}