{"dual_bound": 3416675519.1181855, "primal_bound": 3416675842.60608}