{"dual_bound": 193671049.56809264, "primal_bound": 193686498.8415554}