{"dual_bound": 3394517565.802095, "primal_bound": 3394541841.4837275}