{"dual_bound": 362196922.1636927, "primal_bound": 362197010.287473}