{"dual_bound": 653802383.9165053, "primal_bound": 653831208.2070533}