{"dual_bound": 41134062674.55858, "primal_bound": 41134116235.322365}