{"dual_bound": 3387477480.168714, "primal_bound": 3387639346.216334}