{"dual_bound": 82853707.33916211, "primal_bound": 82858765.43117103}