{"dual_bound": 54080671.73698577, "primal_bound": 54080671.736985855}