{"dual_bound": 655089925.8387685, "primal_bound": 655146703.9690192}