{"dual_bound": 32896967.87471536, "primal_bound": 32896967.87471536}