{"dual_bound": 35132900.102813706, "primal_bound": 35133028.40108769}