{"dual_bound": 888799637.4184448, "primal_bound": 888823872.4109068}