{"dual_bound": 41080550157.83632, "primal_bound": 41080653729.95082}