{"dual_bound": 3391764759.3666205, "primal_bound": 3391789964.19486}