{"dual_bound": 439372602.6387681, "primal_bound": 439412698.45921296}