{"dual_bound": 436669069.64750165, "primal_bound": 436681843.5566818}