{"dual_bound": 3430169519.9552984, "primal_bound": 3430193685.221418}