{"dual_bound": 3410766262.2356157, "primal_bound": 3410783475.9982915}