{"dual_bound": 32850830.743154842, "primal_bound": 32850830.743154842}