{"dual_bound": 3394994366.243896, "primal_bound": 3395122191.2494283}