{"dual_bound": 888102589.4477433, "primal_bound": 888106385.8624761}