{"dual_bound": 657967077.6863258, "primal_bound": 658019141.2767335}