{"dual_bound": 655074282.6740739, "primal_bound": 655093050.6008133}