{"dual_bound": 356425536.9375911, "primal_bound": 356426404.4114684}