{"dual_bound": 437114896.47555447, "primal_bound": 437148887.065094}