{"dual_bound": 195559187.69498146, "primal_bound": 195559187.6949815}