{"dual_bound": 656943666.9679611, "primal_bound": 656968754.191612}