{"dual_bound": 654107810.9045186, "primal_bound": 654132827.0355971}