{"dual_bound": 763805.5904526244, "primal_bound": 763805.5904526245}