{"dual_bound": 441075485.1894766, "primal_bound": 441116673.3801454}