{"dual_bound": 82226753.45549391, "primal_bound": 82226753.45549391}