{"dual_bound": 3372957649.7263727, "primal_bound": 3373075737.398733}