{"dual_bound": 3397524445.1787715, "primal_bound": 3397525283.880042}