{"dual_bound": 40813787685.01937, "primal_bound": 40813800963.80668}