{"dual_bound": 656530360.5581102, "primal_bound": 656548230.2509181}