{"dual_bound": 769956.6636632573, "primal_bound": 769956.6636632578}