{"dual_bound": 33021526.662063953, "primal_bound": 33021526.662063953}