{"dual_bound": 41477122002.357925, "primal_bound": 41477173788.43525}