{"dual_bound": 40075312494.86512, "primal_bound": 40075395775.63003}