{"dual_bound": 784112.4322833089, "primal_bound": 784112.4322833089}