{"dual_bound": 356293565.38196313, "primal_bound": 356293636.7324837}