{"dual_bound": 440955903.0251034, "primal_bound": 440998424.96665907}