{"dual_bound": 3406227236.114141, "primal_bound": 3406247957.230175}