{"dual_bound": 41025106517.338005, "primal_bound": 41025131317.09705}