{"dual_bound": 3439672438.660171, "primal_bound": 3439689242.0846553}