{"dual_bound": 41141647483.57983, "primal_bound": 41141733608.35886}