{"dual_bound": 148991446.37292168, "primal_bound": 148991446.37292168}