{"dual_bound": 196370005.2666343, "primal_bound": 196386844.9575482}