{"dual_bound": 359534422.53321004, "primal_bound": 359534432.98513776}