{"dual_bound": 655021811.4388008, "primal_bound": 655073762.4494612}