{"dual_bound": 357301255.0329641, "primal_bound": 357310519.0427295}