{"dual_bound": 41495803802.90116, "primal_bound": 41495918831.376465}