{"dual_bound": 36031414.319084786, "primal_bound": 36031414.319084786}