{"dual_bound": 875921295.9885888, "primal_bound": 875944625.5985681}