{"dual_bound": 40626311512.39567, "primal_bound": 40626336861.58559}