{"dual_bound": 886888219.1262882, "primal_bound": 886892348.9848129}