{"dual_bound": 41638732329.65405, "primal_bound": 41638753346.01312}