{"dual_bound": 880954366.9186801, "primal_bound": 881002763.6477203}