{"dual_bound": 40732277428.095215, "primal_bound": 40732380450.31625}