{"dual_bound": 193487243.50325647, "primal_bound": 193495312.3429773}