{"dual_bound": 3395796390.3621435, "primal_bound": 3395906149.6121864}