{"dual_bound": 3441468647.7526026, "primal_bound": 3441502082.470527}