{"dual_bound": 53822179.8511188, "primal_bound": 53822179.85111885}