{"dual_bound": 3407553853.38172, "primal_bound": 3407553930.860831}