{"dual_bound": 662377193.0068252, "primal_bound": 662412963.4720392}