{"dual_bound": 33389307.93156866, "primal_bound": 33389307.931568664}