{"dual_bound": 783266.1520898244, "primal_bound": 783266.1520898251}