{"dual_bound": 3381255563.505906, "primal_bound": 3381382725.7623935}