{"dual_bound": 3399058931.542876, "primal_bound": 3399101697.9346547}