{"dual_bound": 356721152.14708686, "primal_bound": 356721225.893744}