{"dual_bound": 875134256.6859052, "primal_bound": 875159375.8230677}