{"dual_bound": 156818639.33715332, "primal_bound": 156818639.33715332}