{"dual_bound": 32715819.73393494, "primal_bound": 32715819.733934946}