{"dual_bound": 354255069.6017244, "primal_bound": 354255657.94168264}