{"dual_bound": 3421583692.8710294, "primal_bound": 3421647802.295911}