{"dual_bound": 194662549.18711364, "primal_bound": 194679285.04094845}