{"dual_bound": 41445883090.56173, "primal_bound": 41445986256.26534}