{"dual_bound": 156631701.35617387, "primal_bound": 156631701.3561741}