{"dual_bound": 3408234941.1232266, "primal_bound": 3408336652.799688}