{"dual_bound": 196054393.6726878, "primal_bound": 196062601.12046596}