{"dual_bound": 655807448.0610871, "primal_bound": 655838568.6746824}