{"dual_bound": 40976545751.806625, "primal_bound": 40976584036.432945}