{"dual_bound": 197985024.82055283, "primal_bound": 198001842.85088348}