{"dual_bound": 3407062425.8251843, "primal_bound": 3407062488.3403997}