{"dual_bound": 919336443.1207578, "primal_bound": 919360771.0921451}