{"dual_bound": 40482414020.63625, "primal_bound": 40482437530.141624}