{"dual_bound": 778174.6509198281, "primal_bound": 778174.6509198281}