{"dual_bound": 357844689.80539286, "primal_bound": 357853295.1717859}