{"dual_bound": 3417702800.0561857, "primal_bound": 3417726819.223834}