{"dual_bound": 438189299.44267595, "primal_bound": 438224179.8827831}