{"dual_bound": 39829401014.55312, "primal_bound": 39829433721.423004}