{"dual_bound": 53442996.250674605, "primal_bound": 53442996.25067475}