{"dual_bound": 195413147.40272394, "primal_bound": 195416342.9699893}