{"dual_bound": 54732143.85768578, "primal_bound": 54732143.85768578}