{"dual_bound": 193302144.3541741, "primal_bound": 193309800.25796813}