{"dual_bound": 193159198.9250027, "primal_bound": 193176122.654014}