{"dual_bound": 33294693.78109027, "primal_bound": 33294693.781090327}