{"dual_bound": 84492828.19634375, "primal_bound": 84493802.51459114}