{"dual_bound": 3420614439.588499, "primal_bound": 3420714070.5044804}