{"dual_bound": 40701681177.05517, "primal_bound": 40701681254.16419}