{"dual_bound": 195052256.62468982, "primal_bound": 195069412.48167655}