{"dual_bound": 656445455.6943996, "primal_bound": 656445484.4773914}