{"dual_bound": 32339610.949516363, "primal_bound": 32339610.949516416}