{"dual_bound": 33061236.935170125, "primal_bound": 33061236.935170125}