{"dual_bound": 43643673.28241224, "primal_bound": 43643673.28241224}