{"dual_bound": 355079439.65048736, "primal_bound": 355100207.394383}