{"dual_bound": 3402732074.2830048, "primal_bound": 3402837836.980043}