{"dual_bound": 890175372.4866068, "primal_bound": 890180042.4514292}