{"dual_bound": 357090277.59839106, "primal_bound": 357100346.8968951}