{"dual_bound": 55994078.918441586, "primal_bound": 55994078.918441586}