{"dual_bound": 356729821.19209117, "primal_bound": 356753396.2103351}