{"dual_bound": 33199078.33166089, "primal_bound": 33199078.33166089}