{"dual_bound": 3407001653.283224, "primal_bound": 3407002030.970169}