{"dual_bound": 42585026.73448663, "primal_bound": 42585026.73448663}