{"dual_bound": 661723507.1622734, "primal_bound": 661746118.7094603}