{"dual_bound": 155476479.28391945, "primal_bound": 155476479.28391945}