{"dual_bound": 661926110.4697311, "primal_bound": 661951435.7883695}