{"dual_bound": 43238470.476665094, "primal_bound": 43238470.47666511}