{"dual_bound": 40531074261.78808, "primal_bound": 40531161528.49556}