{"dual_bound": 40574710098.691345, "primal_bound": 40574770848.743004}