{"dual_bound": 3370803641.5398273, "primal_bound": 3370826977.306062}