{"dual_bound": 154395891.66613805, "primal_bound": 154395891.66613805}