{"dual_bound": 356189405.2703115, "primal_bound": 356221158.2292869}