{"dual_bound": 32880230.631712962, "primal_bound": 32880230.631712962}