{"dual_bound": 43140866.999130264, "primal_bound": 43145077.78185004}