{"dual_bound": 194809889.5061149, "primal_bound": 194809968.776511}