{"dual_bound": 199671687.66021603, "primal_bound": 199680239.85056987}