{"dual_bound": 777542.4743130343, "primal_bound": 777542.4743130358}