{"dual_bound": 656091220.6521573, "primal_bound": 656107221.9913027}