{"dual_bound": 886170317.9150556, "primal_bound": 886194949.5165776}