{"dual_bound": 3392811302.141782, "primal_bound": 3392834808.0352597}