{"dual_bound": 764967.0833116404, "primal_bound": 764967.0833116404}