{"dual_bound": 33173177.651305165, "primal_bound": 33173177.651305165}