{"dual_bound": 891118194.0141873, "primal_bound": 891142602.7315093}