{"dual_bound": 41332361919.93812, "primal_bound": 41332395729.09333}