{"dual_bound": 40440131524.13696, "primal_bound": 40440208333.23716}