{"dual_bound": 36054729.02038244, "primal_bound": 36054729.02038244}