{"dual_bound": 32550217.77048759, "primal_bound": 32550217.770487662}