{"dual_bound": 650892645.9170842, "primal_bound": 650908755.391842}