{"dual_bound": 32942010.516439296, "primal_bound": 32942010.516439296}