{"dual_bound": 3424662853.1649475, "primal_bound": 3424761449.9319067}