{"dual_bound": 768746.1715318458, "primal_bound": 768746.1715318473}