{"dual_bound": 765079.7884255957, "primal_bound": 765079.7884255964}