{"dual_bound": 3401530206.727056, "primal_bound": 3401562404.667645}