{"dual_bound": 82110106.49469396, "primal_bound": 82110106.494694}