{"dual_bound": 657240477.8637948, "primal_bound": 657263748.7254876}