{"dual_bound": 355341082.3896506, "primal_bound": 355341111.3162079}