{"dual_bound": 40658251884.31997, "primal_bound": 40658390585.78186}