{"dual_bound": 194580148.3744254, "primal_bound": 194598563.62047705}