{"dual_bound": 36366925.031259716, "primal_bound": 36366925.031259716}