{"dual_bound": 3409655448.596998, "primal_bound": 3409676380.9748287}