{"dual_bound": 907010660.2712063, "primal_bound": 907055010.7672693}