{"dual_bound": 355808818.12315303, "primal_bound": 355840892.7303688}