{"dual_bound": 39996269489.88025, "primal_bound": 39996350919.86161}