{"dual_bound": 658395630.7781261, "primal_bound": 658417811.0383406}