{"dual_bound": 356900325.5767666, "primal_bound": 356904671.29272676}