{"dual_bound": 354381420.58050704, "primal_bound": 354388871.07066274}