{"dual_bound": 196350115.90657675, "primal_bound": 196356595.3620749}