{"dual_bound": 784352.4804258689, "primal_bound": 784352.4804258698}