{"dual_bound": 773002.2966519985, "primal_bound": 773002.2966519993}