{"dual_bound": 761952.4535265614, "primal_bound": 761952.4535265648}