{"dual_bound": 358804162.1556364, "primal_bound": 358814169.31226814}