{"dual_bound": 353804682.10249037, "primal_bound": 353820367.89291024}