{"dual_bound": 33144020.355537564, "primal_bound": 33144020.35553765}