{"dual_bound": 884941777.6236596, "primal_bound": 884988968.169782}