{"dual_bound": 194931878.69945228, "primal_bound": 194938276.15244314}