{"dual_bound": 444284297.3413607, "primal_bound": 444296954.32062775}