{"dual_bound": 3395846410.48734, "primal_bound": 3395977018.0129123}