{"dual_bound": 440221358.868433, "primal_bound": 440256972.65854764}