{"dual_bound": 3402764305.225826, "primal_bound": 3402789399.412394}