{"dual_bound": 655437424.3011177, "primal_bound": 655462672.9310763}