{"dual_bound": 358436939.07281554, "primal_bound": 358453599.6301153}