{"dual_bound": 43774162.05603537, "primal_bound": 43776928.89863007}