{"dual_bound": 775374.2817944059, "primal_bound": 775374.2817944059}