{"dual_bound": 80536821.77526033, "primal_bound": 80536821.77526034}