{"dual_bound": 892205317.659133, "primal_bound": 892251695.0406696}