{"dual_bound": 196734187.18058145, "primal_bound": 196742653.02573714}