{"dual_bound": 888259404.9832733, "primal_bound": 888304888.1910572}