{"dual_bound": 357092219.2781563, "primal_bound": 357107335.08472645}