{"dual_bound": 779460.9810243811, "primal_bound": 779460.9810243811}