{"dual_bound": 437757976.748771, "primal_bound": 437798977.2566839}