{"dual_bound": 435594927.7731023, "primal_bound": 435636877.90013134}