{"dual_bound": 783204.4545710979, "primal_bound": 783204.4545710983}