{"dual_bound": 651657439.5713803, "primal_bound": 651679874.1843058}