{"dual_bound": 3435261245.172354, "primal_bound": 3435291997.78831}