{"dual_bound": 358930105.2457248, "primal_bound": 358946318.6585623}