{"dual_bound": 193253546.12017232, "primal_bound": 193265803.24272293}