{"dual_bound": 914107117.7924752, "primal_bound": 914153719.5770825}