{"dual_bound": 356872306.1924715, "primal_bound": 356898809.34562093}