{"dual_bound": 652030511.0018756, "primal_bound": 652049612.5619185}