{"dual_bound": 3403890274.9098797, "primal_bound": 3403944173.5215645}