{"dual_bound": 32675661.112207443, "primal_bound": 32675661.112207443}