{"dual_bound": 40791752329.66545, "primal_bound": 40791845692.14899}