{"dual_bound": 42783874.58379506, "primal_bound": 42783944.097817995}