{"dual_bound": 53564425.666006975, "primal_bound": 53564425.666006975}