{"dual_bound": 40911627259.89141, "primal_bound": 40911703134.61561}