{"dual_bound": 40976238636.914894, "primal_bound": 40976290276.712006}