{"dual_bound": 778587.3012120025, "primal_bound": 778587.301212004}