{"dual_bound": 3404997926.0597167, "primal_bound": 3405139514.689053}