{"dual_bound": 878537199.0722098, "primal_bound": 878537199.0722098}