{"dual_bound": 54465555.96338785, "primal_bound": 54465555.96338788}