{"dual_bound": 54730758.826374605, "primal_bound": 54730758.826374605}