{"dual_bound": 32318910.941386934, "primal_bound": 32318910.941386934}