{"dual_bound": 195625552.19768503, "primal_bound": 195625552.19768503}