{"dual_bound": 155292299.6156724, "primal_bound": 155292299.6156726}