{"dual_bound": 193230019.94153047, "primal_bound": 193240273.20188287}