{"dual_bound": 33424715.660141617, "primal_bound": 33424715.66014163}