{"dual_bound": 52984180.99384362, "primal_bound": 52984180.99384362}