{"dual_bound": 3410312603.6732135, "primal_bound": 3410450997.5653086}