{"dual_bound": 51777022.90692955, "primal_bound": 51777022.90692959}