{"dual_bound": 358146490.1244036, "primal_bound": 358155787.83385336}