{"dual_bound": 778101.5054728898, "primal_bound": 778101.5054728901}