{"dual_bound": 35568953.113458134, "primal_bound": 35570081.59522557}