{"dual_bound": 3432065974.935339, "primal_bound": 3432100022.6800566}