{"dual_bound": 40936277505.53382, "primal_bound": 40936349310.66691}