{"dual_bound": 354981882.2780731, "primal_bound": 354982033.3482702}