{"dual_bound": 779875.867338148, "primal_bound": 779875.8673381484}