{"dual_bound": 193602698.44875807, "primal_bound": 193609563.39225557}