{"dual_bound": 353859476.8694706, "primal_bound": 353873140.1174807}